-- Insert Android device models from the Python code
INSERT INTO android_device_models (model_name, android_version) VALUES
('SM-S721U', 'Android 14'),
('SM-A546U', 'Android 13'),
('SM-A156U', 'Android 14'),
('SM-S928U', 'Android 14'),
('SM-G991U', 'Android 14'),
('SM-S916U', 'Android 14'),
('SM-S711U', 'Android 13'),
('SM-A356U', 'Android 14'),
('SM-S918U', 'Android 13'),
('SM-F731U', 'Android 13'),
('SM-G998U', 'Android 14'),
('SM-A256U', 'Android 14'),
('SM-S921U', 'Android 14'),
('SM-A146U', 'Android 13'),
('SM-F741U', 'Android 14'),
('SM-A125U', 'Android 14'),
('SM-F721U', 'Android 14'),
('SM-G990U', 'Android 14'),
('SM-S906U', 'Android 14'),
('SM-A536U', 'Android 14'),
('SM-A356U1', 'Android 14'),
('SM-S911U', 'Android 14'),
('SM-S901U', 'Android 14'),
('SM-S926U', 'Android 14'),
('SM-A037U', 'Android 13'),
('SM-G975U1', 'Android 12'),
('SM-G980U1', 'Android 13'),
('SM-G985U1', 'Android 13'),
('SM-G988U1', 'Android 13'),
('SM-G991U1', 'Android 14'),
('SM-G996U1', 'Android 13'),
('SM-G998U1', 'Android 14'),
('SM-G990U1', 'Android 14'),
('SM-G973U1', 'Android 15'),
('SM-G976U1', 'Android 14'),
('SM-S908U1', 'Android 14'),
('SM-S911U1', 'Android 14'),
('SM-S916U1', 'Android 14'),
('SM-S918U1', 'Android 14'),
('SM-S921U1', 'Android 14'),
('SM-S926U1', 'Android 14'),
('SM-S928U1', 'Android 14'),
('SM-S931U1', 'Android 15'),
('SM-S936U1', 'Android 15'),
('SM-S938U1', 'Android 15'),
('SM-N960U1', 'Android 10'),
('SM-N970U1', 'Android 12'),
('SM-N975U1', 'Android 12'),
('SM-N980U1', 'Android 13'),
('SM-N986U1', 'Android 13'),
('SM-A105U1', 'Android 11'),
('SM-A205U1', 'Android 11'),
('SM-A505U1', 'Android 11'),
('SM-A715U1', 'Android 14'),
('SM-A515U1', 'Android 14'),
('SM-F926U1', 'Android 14'),
('SM-F936U1', 'Android 14'),
('SM-F711U1', 'Android 14'),
('SM-A546V', 'Android 14'),
('SM-T220', 'Android 14'),
('SM-A536V', 'Android 14'),
('SM-A127M', 'Android 13'),
('SM-S134DL', 'Android 13'),
('SM-A136U', 'Android 11'),
('SM-G970U', 'Android 12'),
('SM-S146VL', 'Android 14');

-- Insert Android build numbers
INSERT INTO android_build_numbers (android_version, build_number) VALUES
('Android 14', 'UP1A.231005.007; wv'),
('Android 13', 'TP1A.220624.014; wv'),
('Android 12', 'SP1A.210812.016; wv'),
('Android 11', 'RP1A.200720.012; wv'),
('Android 10', 'QP1A.190711.020; wv'),
('Android 15', 'VP1A.240322.001; wv');

-- Insert Facebook app versions
INSERT INTO android_app_versions (app_type, version, iabmv) VALUES
('facebook', '523.0.0.39.61', '1'),
('facebook', '522.0.0.52.96', '1'),
('facebook', '521.0.0.42.97', '1'),
('facebook', '520.0.0.44.99', '1');

-- Insert Chrome versions
INSERT INTO android_app_versions (app_type, version) VALUES
('chrome', '138.0.7204.157'),
('chrome', '138.0.7204.158'),
('chrome', '138.0.7204.63'),
('chrome', '138.0.7204.162'),
('chrome', '138.0.7204.153'),
('chrome', '137.0.7151.61'),
('chrome', '137.0.7151.44');
